[
  {"version":2},
  {"ingredient":{"id":"minecraft:acacia_planks"},"type":"item_stack","bookmarkType":"INGREDIENT"},
  {"ingredient":{"id":"minecraft:bundle","components":{"minecraft:bundle_contents":[{"id":"minecraft:snout_armor_trim_smithing_template","count":2},{"id":"minecraft:leather","count":6},{"id":"supplementaries:bomb","count":3},{"id":"aquaculture:worm","count":22},{"id":"create:gearbox","count":1},{"id":"farmersdelight:rich_soil","count":13},{"id":"minecraft:lead","count":2},{"id":"aquaculture:gar","count":1},{"id":"minecraft:cod","count":2},{"id":"minecraft:pufferfish","count":2},{"id":"aquaculture:carp","count":5},{"id":"aquaculture:bluegill","count":4},{"id":"aquaculture:smallmouth_bass","count":1}]}},"type":"item_stack","bookmarkType":"INGREDIENT"},
  {"ingredient":{"id":"create:brass_sheet"},"type":"item_stack","bookmarkType":"INGREDIENT"},
  {"ingredient":{"id":"minecraft:shears","components":{"minecraft:damage":77}},"type":"item_stack","bookmarkType":"INGREDIENT"},
  {"ingredient":{"id":"minecraft:stick"},"type":"item_stack","bookmarkType":"INGREDIENT"},
  {"ingredient":{"id":"minecraft:diamond_horse_armor"},"type":"item_stack","bookmarkType":"INGREDIENT"},
  {"ingredient":{"id":"minecraft:diamond_axe","components":{"minecraft:damage":334}},"type":"item_stack","bookmarkType":"INGREDIENT"},
  {"ingredient":{"id":"minecraft:diamond_sword","components":{"minecraft:damage":210,"minecraft:enchantments":{"levels":{"minecraft:sharpness":5}}}},"type":"item_stack","bookmarkType":"INGREDIENT"},
  {"ingredient":{"id":"minecraft:potato"},"type":"item_stack","bookmarkType":"INGREDIENT"},
  {"ingredient":{"id":"minecraft:stripped_bamboo_block"},"type":"item_stack","bookmarkType":"INGREDIENT"},
  {"ingredient":{"id":"minecraft:bamboo_block"},"type":"item_stack","bookmarkType":"INGREDIENT"},
  {"ingredient":{"id":"minecraft:phantom_membrane"},"type":"item_stack","bookmarkType":"INGREDIENT"},
  {"ingredient":{"id":"minecraft:brown_mushroom"},"type":"item_stack","bookmarkType":"INGREDIENT"},
  {"ingredient":{"id":"minecraft:poppy"},"type":"item_stack","bookmarkType":"INGREDIENT"},
  {"ingredient":{"id":"minecraft:bone_meal"},"type":"item_stack","bookmarkType":"INGREDIENT"},
  {"ingredient":{"id":"minecraft:pink_petals"},"type":"item_stack","bookmarkType":"INGREDIENT"},
  {"ingredient":{"id":"create:brown_toolbox","components":{"create:toolbox_uuid":[1820971867,642925962,-1954145002,1611244886],"create:toolbox_inventory":{"items":{"items":{"0":{"id":"minecraft:bundle","count":1,"components":{"minecraft:bundle_contents":[{"id":"minecraft:snout_armor_trim_smithing_template","count":2},{"id":"supplementaries:flax_seeds","count":4},{"id":"minecraft:sea_pickle","count":5}]}},"16":{"id":"create:encased_fan","count":7},"4":{"id":"minecraft:bundle","count":1,"components":{"minecraft:bundle_contents":[{"id":"farmersdelight:tomato","count":13},{"id":"farmersdelight:tomato_seeds","count":41},{"id":"farmersdelight:rice","count":4},{"id":"minecraft:golden_apple","count":3}]}},"20":{"id":"create:large_cogwheel","count":22},"8":{"id":"minecraft:bundle","count":1,"components":{"minecraft:bundle_contents":[{"id":"aquaculture:worm","count":22},{"id":"minecraft:lead","count":2},{"id":"minecraft:silence_armor_trim_smithing_template","count":1},{"id":"minecraft:magma_cream","count":6},{"id":"create:polished_rose_quartz","count":1},{"id":"minecraft:bell","count":3},{"id":"farmersdelight:cabbage_seeds","count":3}]}},"24":{"id":"create:cogwheel","count":20},"12":{"id":"minecraft:cherry_log","count":64},"28":{"id":"create:shaft","count":26}},"size":32},"filters":[{"id":"minecraft:bundle","count":1,"components":{"minecraft:bundle_contents":[{"id":"minecraft:snout_armor_trim_smithing_template","count":2},{"id":"supplementaries:flax_seeds","count":4},{"id":"minecraft:sea_pickle","count":5}]}},{"id":"minecraft:bundle","count":1,"components":{"minecraft:bundle_contents":[{"id":"farmersdelight:tomato","count":13},{"id":"farmersdelight:tomato_seeds","count":41},{"id":"farmersdelight:rice","count":4},{"id":"minecraft:golden_apple","count":3}]}},{"id":"minecraft:bundle","count":1,"components":{"minecraft:bundle_contents":[{"id":"aquaculture:worm","count":22},{"id":"minecraft:lead","count":2},{"id":"minecraft:silence_armor_trim_smithing_template","count":1},{"id":"minecraft:magma_cream","count":6},{"id":"create:polished_rose_quartz","count":1},{"id":"minecraft:bell","count":3},{"id":"farmersdelight:cabbage_seeds","count":3}]}},{"id":"minecraft:cherry_log","count":1},{"id":"create:encased_fan","count":1},{"id":"create:large_cogwheel","count":1},{"id":"create:cogwheel","count":1},{"id":"create:shaft","count":1}]}}},"type":"item_stack","bookmarkType":"INGREDIENT"},
  {"ingredient":{"id":"minecraft:cherry_stairs"},"type":"item_stack","bookmarkType":"INGREDIENT"},
  {"ingredient":{"id":"minecraft:diamond_pickaxe","components":{"minecraft:damage":212}},"type":"item_stack","bookmarkType":"INGREDIENT"},
  {"ingredient":{"id":"create:yellow_toolbox","components":{"create:toolbox_inventory":{"items":{"items":{"0":{"id":"create:andesite_alloy","count":9},"16":{"id":"basicweapons:diamond_hammer","count":1,"components":{"minecraft:damage":116}},"4":{"id":"minecraft:diamond_pickaxe","count":1,"components":{"minecraft:damage":738}},"20":{"id":"minecraft:tipped_arrow","count":49,"components":{"minecraft:potion_contents":{"potion":"minecraft:strong_harming"}}},"5":{"id":"minecraft:diamond_pickaxe","count":1,"components":{"minecraft:damage":650}},"8":{"id":"basicweapons:diamond_spear","count":1,"components":{"minecraft:damage":721}},"24":{"id":"basicweapons:diamond_glaive","count":1},"9":{"id":"basicweapons:diamond_spear","count":1,"components":{"minecraft:damage":90}},"12":{"id":"basicweapons:diamond_quarterstaff","count":1},"28":{"id":"aquaculture:diamond_fishing_rod","count":1,"components":{"minecraft:damage":21,"aquaculture:rod_inventory":[{"slot":0,"item":{"id":"aquaculture:redstone_hook","count":1}},{"slot":1,"item":{"id":"aquaculture:worm","count":1,"components":{"minecraft:damage":1}}},{"slot":2,"item":{"id":"aquaculture:fishing_line","count":1}}]}},"13":{"id":"basicweapons:diamond_quarterstaff","count":1,"components":{"minecraft:damage":509,"minecraft:enchantments":{"levels":{"minecraft:bane_of_arthropods":3}}}}},"size":32},"filters":[{"id":"create:andesite_alloy","count":1},{"id":"minecraft:diamond_pickaxe","count":1,"components":{"minecraft:damage":650}},{"id":"basicweapons:diamond_spear","count":1,"components":{"minecraft:damage":721}},{"id":"basicweapons:diamond_quarterstaff","count":1,"components":{"minecraft:damage":509,"minecraft:enchantments":{"levels":{"minecraft:bane_of_arthropods":3}}}},{"id":"basicweapons:diamond_hammer","count":1,"components":{"minecraft:damage":116}},{"id":"minecraft:tipped_arrow","count":1,"components":{"minecraft:potion_contents":{"potion":"minecraft:strong_harming"}}},{"id":"basicweapons:diamond_glaive","count":1},{"id":"aquaculture:diamond_fishing_rod","count":1,"components":{"minecraft:damage":21,"aquaculture:rod_inventory":[{"slot":0,"item":{"id":"aquaculture:redstone_hook","count":1}},{"slot":1,"item":{"id":"aquaculture:worm","count":1,"components":{"minecraft:damage":1}}},{"slot":2,"item":{"id":"aquaculture:fishing_line","count":1}}]}}]},"create:toolbox_uuid":[1326716223,-1593094577,-1804917846,-386906305]}},"type":"item_stack","bookmarkType":"INGREDIENT"}
]