{
  "variants": {
    "rotation=0": {
      "model": "amendments:block/signs/sign_jungle_0",
      "y": 180
    },
    "rotation=1": {
      "model": "amendments:block/signs/sign_jungle_1",
      "y": 180
    },
    "rotation=2": {
      "model": "amendments:block/signs/sign_jungle_2",
      "y": 180
    },
    "rotation=3": {
      "model": "amendments:block/signs/sign_jungle_3",
      "y": 270
    },
    "rotation=4": {
      "model": "amendments:block/signs/sign_jungle_0",
      "y": 270
    },
    "rotation=5": {
      "model": "amendments:block/signs/sign_jungle_1",
      "y": 270
    },
    "rotation=6": {
      "model": "amendments:block/signs/sign_jungle_2",
      "y": 270
    },
    "rotation=7": {
      "model": "amendments:block/signs/sign_jungle_3",
      "y": 0
    },
    "rotation=8": {
      "model": "amendments:block/signs/sign_jungle_0",
      "y": 0
    },
    "rotation=9": {
      "model": "amendments:block/signs/sign_jungle_1",
      "y": 0
    },
    "rotation=10": {
      "model": "amendments:block/signs/sign_jungle_2",
      "y": 0
    },
    "rotation=11": {
      "model": "amendments:block/signs/sign_jungle_3",
      "y": 90
    },
    "rotation=12": {
      "model": "amendments:block/signs/sign_jungle_0",
      "y": 90
    },
    "rotation=13": {
      "model": "amendments:block/signs/sign_jungle_1",
      "y": 90
    },
    "rotation=14": {
      "model": "amendments:block/signs/sign_jungle_2",
      "y": 90
    },
    "rotation=15": {
      "model": "amendments:block/signs/sign_jungle_3",
      "y": 180
    }
  }
}