[
  {"version":1},
  {"ingredient":{"id":"minecraft:flint_and_steel"},"type":"item_stack","bookmarkType":"INGREDIENT"},
  {"ingredient":{"id":"supplementaries:flint_block"},"type":"item_stack","bookmarkType":"INGREDIENT"},
  {"ingredient":{"id":"expanded_combat:diamond_scythe"},"type":"item_stack","bookmarkType":"INGREDIENT"},
  {"ingredient":{"id":"expanded_combat:diamond_battle_staff"},"type":"item_stack","bookmarkType":"INGREDIENT"},
  {"ingredient":{"id":"expanded_combat:netherite_battle_staff"},"type":"item_stack","bookmarkType":"INGREDIENT"},
  {"ingredient":{"id":"expanded_combat:diamond_sickle"},"type":"item_stack","bookmarkType":"INGREDIENT"},
  {"ingredient":{"id":"expanded_combat:diamond_great_hammer"},"type":"item_stack","bookmarkType":"INGREDIENT"},
  {"ingredient":{"id":"expanded_combat:iron_katana"},"type":"item_stack","bookmarkType":"INGREDIENT"},
  {"ingredient":{"id":"expanded_combat:purified_gas_bottle"},"type":"item_stack","bookmarkType":"INGREDIENT"},
  {"ingredient":{"id":"expanded_combat:solidified_purification"},"type":"item_stack","bookmarkType":"INGREDIENT"},
  {"ingredient":{"id":"expanded_combat:good_soul"},"type":"item_stack","bookmarkType":"INGREDIENT"},
  {"ingredient":{"id":"expanded_combat:allay"},"type":"item_stack","bookmarkType":"INGREDIENT"},
  {"ingredient":{"id":"expanded_combat:gas_bottle"},"type":"item_stack","bookmarkType":"INGREDIENT"},
  {"ingredient":{"id":"expanded_combat:rabbit_hide_gauntlet"},"type":"item_stack","bookmarkType":"INGREDIENT"},
  {"ingredient":{"id":"expanded_combat:gold_stick"},"type":"item_stack","bookmarkType":"INGREDIENT"},
  {"ingredient":{"id":"expanded_combat:iron_stick"},"type":"item_stack","bookmarkType":"INGREDIENT"},
  {"ingredient":{"id":"expanded_combat:fletched_sticks"},"type":"item_stack","bookmarkType":"INGREDIENT"},
  {"ingredient":{"id":"expanded_combat:void_touched_claymore"},"type":"item_stack","bookmarkType":"INGREDIENT"},
  {"ingredient":{"id":"expanded_combat:heart_stealer"},"type":"item_stack","bookmarkType":"INGREDIENT"},
  {"ingredient":{"id":"expanded_combat:netherite_sickle"},"type":"item_stack","bookmarkType":"INGREDIENT"},
  {"ingredient":{"id":"expanded_combat:netherite_scythe"},"type":"item_stack","bookmarkType":"INGREDIENT"},
  {"ingredient":{"id":"expanded_combat:netherite_claymore"},"type":"item_stack","bookmarkType":"INGREDIENT"},
  {"ingredient":{"id":"expanded_combat:netherite_dagger"},"type":"item_stack","bookmarkType":"INGREDIENT"},
  {"ingredient":{"id":"expanded_combat:netherite_great_hammer"},"type":"item_stack","bookmarkType":"INGREDIENT"},
  {"ingredient":{"id":"expanded_combat:leather_stick"},"type":"item_stack","bookmarkType":"INGREDIENT"},
  {"ingredient":{"id":"expanded_combat:diamond_claymore"},"type":"item_stack","bookmarkType":"INGREDIENT"},
  {"ingredient":{"id":"expanded_combat:diamond_broad_sword"},"type":"item_stack","bookmarkType":"INGREDIENT"},
  {"ingredient":{"id":"expanded_combat:netherite_cutlass"},"type":"item_stack","bookmarkType":"INGREDIENT"},
  {"ingredient":{"id":"expanded_combat:diamond_spear"},"type":"item_stack","bookmarkType":"INGREDIENT"},
  {"ingredient":{"id":"expanded_combat:diamond_mace"},"type":"item_stack","bookmarkType":"INGREDIENT"},
  {"ingredient":{"id":"expanded_combat:diamond_katana"},"type":"item_stack","bookmarkType":"INGREDIENT"},
  {"ingredient":{"id":"expanded_combat:diamond_glaive"},"type":"item_stack","bookmarkType":"INGREDIENT"},
  {"ingredient":{"id":"expanded_combat:diamond_flail"},"type":"item_stack","bookmarkType":"INGREDIENT"},
  {"ingredient":{"id":"expanded_combat:diamond_dancer_s_sword"},"type":"item_stack","bookmarkType":"INGREDIENT"},
  {"ingredient":{"id":"expanded_combat:diamond_dagger"},"type":"item_stack","bookmarkType":"INGREDIENT"},
  {"ingredient":{"id":"expanded_combat:wooden_great_hammer"},"type":"item_stack","bookmarkType":"INGREDIENT"},
  {"ingredient":{"id":"expanded_combat:diamond_quiver"},"type":"item_stack","bookmarkType":"INGREDIENT"},
  {"ingredient":{"id":"expanded_combat:fire_resistant_shield","components":{"expanded_combat:shield_materials":{"dr_material":"expanded_combat:netherite","m_material":"expanded_combat:netherite","last_repair_number":0,"ul_material":"expanded_combat:netherite","ur_material":"expanded_combat:netherite","dl_material":"expanded_combat:netherite"}}},"type":"item_stack","bookmarkType":"INGREDIENT"},
  {"ingredient":{"id":"expanded_combat:shield","components":{"expanded_combat:shield_materials":{"dr_material":"expanded_combat:iron","m_material":"expanded_combat:iron","last_repair_number":0,"ul_material":"expanded_combat:iron","ur_material":"expanded_combat:iron","dl_material":"expanded_combat:iron"}}},"type":"item_stack","bookmarkType":"INGREDIENT"},
  {"ingredient":{"id":"expanded_combat:shield","components":{"expanded_combat:shield_materials":{"dr_material":"expanded_combat:diamond","m_material":"expanded_combat:diamond","last_repair_number":0,"ul_material":"expanded_combat:diamond","ur_material":"expanded_combat:diamond","dl_material":"expanded_combat:diamond"}}},"type":"item_stack","bookmarkType":"INGREDIENT"},
  {"ingredient":{"id":"expanded_combat:shield","components":{"expanded_combat:shield_materials":{"dr_material":"expanded_combat:gold","m_material":"expanded_combat:gold","last_repair_number":0,"ul_material":"expanded_combat:gold","ur_material":"expanded_combat:gold","dl_material":"expanded_combat:gold"}}},"type":"item_stack","bookmarkType":"INGREDIENT"},
  {"ingredient":{"id":"expanded_combat:netherite_bow"},"type":"item_stack","bookmarkType":"INGREDIENT"},
  {"ingredient":{"id":"expanded_combat:diamond_bow"},"type":"item_stack","bookmarkType":"INGREDIENT"},
  {"ingredient":{"id":"minecraft:smithing_table"},"type":"item_stack","bookmarkType":"INGREDIENT"},
  {"ingredient":{"id":"minecraft:shield"},"type":"item_stack","bookmarkType":"INGREDIENT"},
  {"ingredient":{"id":"expanded_combat:diamond_gauntlet"},"type":"item_stack","bookmarkType":"INGREDIENT"},
  {"ingredient":{"id":"expanded_combat:diamond_cross_bow"},"type":"item_stack","bookmarkType":"INGREDIENT"},
  {"ingredient":{"id":"expanded_combat:rabbit_hide_quiver"},"type":"item_stack","bookmarkType":"INGREDIENT"},
  {"ingredient":{"id":"expanded_combat:brawler_s_gauntlet"},"type":"item_stack","bookmarkType":"INGREDIENT"},
  {"ingredient":{"id":"expanded_combat:leather_gauntlet"},"type":"item_stack","bookmarkType":"INGREDIENT"},
  {"ingredient":{"id":"expanded_combat:shield","components":{"expanded_combat:shield_materials":{"dr_material":"expanded_combat:wood_plank","m_material":"expanded_combat:wood_plank","last_repair_number":0,"ul_material":"expanded_combat:wood_plank","ur_material":"expanded_combat:wood_plank","dl_material":"expanded_combat:wood_plank"}}},"type":"item_stack","bookmarkType":"INGREDIENT"},
  {"ingredient":{"id":"expanded_combat:shield","components":{"expanded_combat:shield_materials":{"dr_material":"expanded_combat:leather","m_material":"expanded_combat:iron","last_repair_number":0,"ul_material":"expanded_combat:leather","ur_material":"expanded_combat:leather","dl_material":"expanded_combat:leather"}}},"type":"item_stack","bookmarkType":"INGREDIENT"},
  {"ingredient":{"id":"minecraft:painting","components":{"minecraft:entity_data":{"id":"minecraft:painting","variant":"minecraft:burning_skull"}}},"type":"item_stack","bookmarkType":"INGREDIENT"},
  {"ingredient":{"id":"expanded_combat:diamond_arrow"},"type":"item_stack","bookmarkType":"INGREDIENT"},
  {"ingredient":{"id":"expanded_combat:netherite_arrow"},"type":"item_stack","bookmarkType":"INGREDIENT"},
  {"ingredient":{"id":"expanded_combat:tipped_netherite_arrow","components":{"minecraft:potion_contents":{"potion":"minecraft:long_fire_resistance"}}},"type":"item_stack","bookmarkType":"INGREDIENT"},
  {"ingredient":{"id":"supplementaries:cage"},"type":"item_stack","bookmarkType":"INGREDIENT"},
  {"ingredient":{"id":"cosmeticarmoursmod:plain_mask_helmet"},"type":"item_stack","bookmarkType":"INGREDIENT"},
  {"ingredient":{"id":"minecraft:parrot_spawn_egg"},"type":"item_stack","bookmarkType":"INGREDIENT"},
  {"ingredient":{"id":"minecraft:lantern"},"type":"item_stack","bookmarkType":"INGREDIENT"},
  {"ingredient":{"id":"supplementaries:netherite_door"},"type":"item_stack","bookmarkType":"INGREDIENT"},
  {"ingredient":{"id":"customnpcs:npcscripteddoortool"},"type":"item_stack","bookmarkType":"INGREDIENT"},
  {"ingredient":{"id":"minecraft:experience_bottle"},"type":"item_stack","bookmarkType":"INGREDIENT"},
  {"ingredient":{"id":"minecraft:cactus"},"type":"item_stack","bookmarkType":"INGREDIENT"},
  {"ingredient":{"id":"minecraft:camel_spawn_egg"},"type":"item_stack","bookmarkType":"INGREDIENT"},
  {"ingredient":{"id":"create:brown_toolbox"},"type":"item_stack","bookmarkType":"INGREDIENT"},
  {"ingredient":{"id":"create:red_toolbox"},"type":"item_stack","bookmarkType":"INGREDIENT"},
  {"ingredient":{"id":"create:pink_toolbox"},"type":"item_stack","bookmarkType":"INGREDIENT"},
  {"ingredient":{"id":"create:magenta_toolbox"},"type":"item_stack","bookmarkType":"INGREDIENT"},
  {"ingredient":{"id":"aquaculture:carp"},"type":"item_stack","bookmarkType":"INGREDIENT"},
  {"ingredient":{"id":"create:white_toolbox"},"type":"item_stack","bookmarkType":"INGREDIENT"},
  {"ingredient":{"id":"minecraft:dirt"},"type":"item_stack","bookmarkType":"INGREDIENT"},
  {"ingredient":{"id":"minecraft:coarse_dirt"},"type":"item_stack","bookmarkType":"INGREDIENT"},
  {"ingredient":{"id":"supplementaries:rope"},"type":"item_stack","bookmarkType":"INGREDIENT"},
  {"ingredient":{"id":"supplementaries:flax"},"type":"item_stack","bookmarkType":"INGREDIENT"},
  {"ingredient":{"id":"supplementaries:flax_seeds"},"type":"item_stack","bookmarkType":"INGREDIENT"},
  {"ingredient":{"id":"minecraft:bamboo_block"},"type":"item_stack","bookmarkType":"INGREDIENT"},
  {"ingredient":{"id":"minecraft:oak_wood"},"type":"item_stack","bookmarkType":"INGREDIENT"},
  {"ingredient":{"id":"minecraft:cherry_wood"},"type":"item_stack","bookmarkType":"INGREDIENT"},
  {"ingredient":{"id":"minecraft:stripped_cherry_wood"},"type":"item_stack","bookmarkType":"INGREDIENT"},
  {"ingredient":{"id":"minecraft:cherry_log"},"type":"item_stack","bookmarkType":"INGREDIENT"},
  {"ingredient":{"id":"cosmeticarmoursmod:white_headphones_cat_helmet"},"type":"item_stack","bookmarkType":"INGREDIENT"},
  {"ingredient":{"id":"cosmeticarmoursmod:cloth_white"},"type":"item_stack","bookmarkType":"INGREDIENT"},
  {"ingredient":{"id":"supplementaries:awning_white"},"type":"item_stack","bookmarkType":"INGREDIENT"},
  {"ingredient":{"id":"minecraft:leather"},"type":"item_stack","bookmarkType":"INGREDIENT"},
  {"ingredient":{"id":"minecraft:oak_log"},"type":"item_stack","bookmarkType":"INGREDIENT"},
  {"ingredient":{"id":"minecraft:gunpowder"},"type":"item_stack","bookmarkType":"INGREDIENT"},
  {"ingredient":{"id":"minecraft:bone"},"type":"item_stack","bookmarkType":"INGREDIENT"},
  {"ingredient":{"id":"minecraft:cookie"},"type":"item_stack","bookmarkType":"INGREDIENT"},
  {"ingredient":{"id":"minecraft:wheat"},"type":"item_stack","bookmarkType":"INGREDIENT"},
  {"ingredient":{"id":"minecraft:cobblestone"},"type":"item_stack","bookmarkType":"INGREDIENT"},
  {"ingredient":{"id":"bronze:bronze_ingot"},"type":"item_stack","bookmarkType":"INGREDIENT"},
  {"ingredient":{"id":"minecraft:lapis_lazuli"},"type":"item_stack","bookmarkType":"INGREDIENT"},
  {"ingredient":{"id":"minecraft:emerald"},"type":"item_stack","bookmarkType":"INGREDIENT"},
  {"ingredient":{"id":"minecraft:raw_iron_block"},"type":"item_stack","bookmarkType":"INGREDIENT"},
  {"ingredient":{"id":"minecraft:raw_iron"},"type":"item_stack","bookmarkType":"INGREDIENT"},
  {"ingredient":{"id":"horseshoes:diamond_horseshoes"},"type":"item_stack","bookmarkType":"INGREDIENT"},
  {"ingredient":{"id":"customnpcs:npcmovingpath"},"type":"item_stack","bookmarkType":"INGREDIENT"},
  {"ingredient":{"id":"minecraft:enchanted_book","components":{"minecraft:stored_enchantments":{"levels":{"l2complements:stable_body":1}}}},"type":"item_stack","bookmarkType":"INGREDIENT"},
  {"ingredient":{"id":"minecraft:enchanted_book","components":{"minecraft:stored_enchantments":{"levels":{"l2complements:shinny":1}}}},"type":"item_stack","bookmarkType":"INGREDIENT"}
]