{
  "category": "misc",
  "result": {
    "id": "supplementaries:way_sign_cherry",
    "count": 2
  },
  "ingredients": [
    {
      "ingredient": {
        "item": "minecraft:oak_sign"
      },
      "block_type": "minecraft:wood_type",
      "from": "minecraft:oak",
      "to": "minecraft:cherry",
      "type": "moonlight:block_type_swap"
    }
  ],
  "type": "minecraft:crafting_shapeless",
  "fabric:load_conditions": [
    {
      "condition": "supplementaries:flag",
      "flag": "way_sign"
    }
  ],
  "neoforge:conditions": [
    {
      "type": "supplementaries:flag",
      "flag": "way_sign"
    }
  ]
}