{
  "category": "misc",
  "result": {
    "id": "supplementaries:cannon_boat_mangrove",
    "count": 1
  },
  "ingredients": [
    {
      "ingredient": {
        "item": "supplementaries:cannon"
      },
      "block_type": "minecraft:wood_type",
      "from": "minecraft:oak",
      "to": "minecraft:mangrove",
      "type": "moonlight:block_type_swap"
    },
    {
      "ingredient": {
        "item": "minecraft:oak_boat"
      },
      "block_type": "minecraft:wood_type",
      "from": "minecraft:oak",
      "to": "minecraft:mangrove",
      "type": "moonlight:block_type_swap"
    }
  ],
  "type": "minecraft:crafting_shapeless",
  "fabric:load_conditions": [
    {
      "condition": "supplementaries:flag",
      "flag": "cannon_boat"
    }
  ],
  "neoforge:conditions": [
    {
      "type": "supplementaries:flag",
      "flag": "cannon_boat"
    }
  ]
}