{
  "variants": {
    "facing=north": {
      "model": "amendments:block/signs/farmersdelight/pink_canvas_sign_wall"
    },
    "facing=south": {
      "model": "amendments:block/signs/farmersdelight/pink_canvas_sign_wall",
      "y": 180
    },
    "facing=east": {
      "model": "amendments:block/signs/farmersdelight/pink_canvas_sign_wall",
      "y": 90
    },
    "facing=west": {
      "model": "amendments:block/signs/farmersdelight/pink_canvas_sign_wall",
      "y": 270
    }
  }
}